user_name,Avg Items/Hr,Avg Lines/Hr,Avg Hours Picking
Troy,126.44000000000001,26.639999999999997,3.908
damir,86.16,17.44,2.436
jackr,192.5,64.9,0.22
justin,83.6,28.96,5.056
kane,123.78,19.979999999999997,2.59
lachlyn,236.9,40.0,1.6
owenl,119.2,21.8,1.85
spiro,117.93333333333334,29.633333333333336,1.96
