user_name,Avg Items/Hr,Avg Lines/Hr,Avg Hours Picking
Troy,105.55,26.375,4.0725
damir,104.21428571428571,24.414285714285715,4.202857142857143
jackr,96.32000000000001,40.38,1.016
jessek,111.82499999999999,37.375,1.4775
justin,96.33333333333333,28.099999999999998,1.9066666666666665
kane,173.18571428571428,25.12857142857143,2.35
lachlyn,141.16666666666666,32.016666666666666,2.9466666666666668
owenl,305.8,24.5,0.675
simonb,252.4,38.199999999999996,1.0
spiro,38.4,19.933333333333334,1.91
